Configuration,Alpha,Seed,Discovery_Ep,Solved_Ep,Consolidation_Eps,Cumulative_Regret,Latency_ms_per_ep,Throughput_eps_sec,Wall_Time_s
Fast_DP_DQN_alpha_1.0,1.0,42,3422,3900,478,3876.85,20.02,49.95,97.23
Fast_DP_DQN_alpha_1.0,1.0,44,,,,9961.28,28.51,35.08,287.02
Fast_DP_DQN_alpha_1.0,1.0,53,6585,6718,133,6641.88,22.36,44.72,169.98
Fast_DP_DQN_alpha_1.0,1.0,54,3768,3944,176,3894.10,20.21,49.49,98.98
Fast_DP_DQN_alpha_1.0,1.0,58,5227,8112,2885,7954.33,25.91,38.59,223.67
Fast_DP_DQN_alpha_3.0,3.0,42,6383,9379,2996,9256.12,28.51,35.08,273.85
Fast_DP_DQN_alpha_3.0,3.0,44,2394,3414,1020,3381.40,20.27,49.34,89.74
Fast_DP_DQN_alpha_3.0,3.0,53,6265,6731,466,6668.88,22.74,43.98,173.05
Fast_DP_DQN_alpha_3.0,3.0,54,5312,5447,135,5386.56,21.04,47.53,133.16
Fast_DP_DQN_alpha_3.0,3.0,58,1414,2848,1434,2829.43,20.04,49.89,79.17
Fast_DP_DQN_alpha_5.0,5.0,42,,,,9966.37,39.09,25.58,391.77
Fast_DP_DQN_alpha_5.0,5.0,44,,,,9965.61,40.25,24.85,403.28
Fast_DP_DQN_alpha_5.0,5.0,53,2863,3583,720,3422.48,34.46,29.02,159.97
Fast_DP_DQN_alpha_5.0,5.0,54,997,3222,2225,3143.46,34.08,29.34,149.22
Fast_DP_DQN_alpha_5.0,5.0,58,5911,6313,402,6217.60,42.34,23.62,292.08
Fast_DP_DQN_alpha_10.0,10.0,42,8775,9113,338,9028.55,43.05,23.23,399.15
Fast_DP_DQN_alpha_10.0,10.0,44,4921,5836,915,5775.81,44.59,22.42,288.67
Fast_DP_DQN_alpha_10.0,10.0,53,5076,5211,135,5144.86,44.88,22.28,264.50
Fast_DP_DQN_alpha_10.0,10.0,54,2109,3213,1104,3160.64,44.17,22.64,185.16
Fast_DP_DQN_alpha_10.0,10.0,58,9195,9335,140,9219.15,40.39,24.76,382.33
Fast_DP_DQN_alpha_15.0,15.0,42,,,,9966.25,39.19,25.52,392.69
Fast_DP_DQN_alpha_15.0,15.0,44,,,,9965.07,38.74,25.81,388.15
Fast_DP_DQN_alpha_15.0,15.0,53,2599,3393,794,3177.44,41.52,24.09,172.20
Fast_DP_DQN_alpha_15.0,15.0,54,8323,9063,740,8915.08,29.50,33.90,270.71
Fast_DP_DQN_alpha_15.0,15.0,58,3537,5776,2239,5726.74,34.90,28.65,215.40
