Method,Seed,Discovery_Ep,Solved_Ep,Consolidation_Eps,Cumulative_Regret,Latency_ms_per_ep,Wall_Time_s
dp_dqn,42,6383,9379,2996,9256.12,28.51,273.85
dp_dqn,44,2394,3414,1020,3381.40,20.27,89.74
dp_dqn,53,6265,6731,466,6668.88,22.74,173.05
dp_dqn,54,5312,5447,135,5386.56,21.04,133.16
dp_dqn,58,1414,2848,1434,2829.43,20.04,79.17
boot_dqn,42,3786,4628,842,4383.57,22.54,13.52
boot_dqn,44,3652,4670,1018,4397.20,22.54,13.52
boot_dqn,53,4193,5085,892,4796.79,22.54,13.52
boot_dqn,54,3949,4760,811,4454.34,22.54,13.52
boot_dqn,58,4240,5248,1008,4915.22,22.54,13.52
