Variant,Seed,Discovery_Ep,Solved_Ep,Consolidation_Eps,Cumulative_Regret,Latency_ms_per_ep,Late_Jumps,Wall_Time_s
baseline_dp_dqn,42,6383,9379,2996,9256.12,27.38,4,273.85
boot_dqn,42,3786,4628,842,4383.57,22.54,0,13.52
baseline_dp_dqn,44,2394,3414,1020,3381.40,8.97,3,89.74
boot_dqn,44,3652,4670,1018,4397.20,22.54,0,13.52
baseline_dp_dqn,53,6265,6731,466,6668.88,17.30,3,173.05
boot_dqn,53,4193,5085,892,4796.79,22.54,0,13.52
baseline_dp_dqn,54,5312,5447,135,5386.56,13.32,3,133.16
boot_dqn,54,3949,4760,811,4454.34,22.54,0,13.52
baseline_dp_dqn,58,1414,2848,1434,2829.43,7.92,4,79.17
boot_dqn,58,4240,5248,1008,4915.22,22.54,0,13.52
reward_gated,42,2130,2207,77,2977.56,16.01,88,160.08
reward_gated,44,2971,3165,194,3811.69,16.17,165,161.75
reward_gated,53,2106,2680,574,3307.65,16.04,533,160.37
reward_gated,54,7493,7715,222,7694.29,17.53,221,175.31
reward_gated,58,4427,4797,370,5096.11,16.60,347,165.95
priority_slot,42,2257,2254,-3,2803.93,20.85,11,208.49
priority_slot,44,3410,3525,115,4045.52,20.78,88,207.77
priority_slot,53,1741,2215,474,2747.92,20.92,430,209.16
priority_slot,54,2106,2354,248,2987.43,20.93,220,209.33
priority_slot,58,5151,6355,1204,6705.99,20.87,1199,208.68
multi_candidate,42,1879,3016,1137,3619.15,28.16,1085,281.60
multi_candidate,44,3214,3213,-1,3702.47,28.05,13,280.54
multi_candidate,53,2863,3062,199,3691.70,28.03,176,280.28
multi_candidate,54,2308,2875,567,3392.27,28.10,534,280.99
multi_candidate,58,3603,3592,-11,4150.87,28.10,3,281.04
vashishtha_maillard,42,227,225,-2,1267.66,25.21,12,252.11
vashishtha_maillard,44,436,550,114,1617.20,25.16,126,251.63
vashishtha_maillard,53,645,757,112,1671.05,25.20,108,251.97
vashishtha_maillard,54,191,326,135,1535.50,25.12,143,251.17
vashishtha_maillard,58,502,615,113,1710.96,25.15,126,251.54
combined,42,386,489,103,1754.78,23.32,111,233.17
combined,44,1045,1122,77,2144.08,24.02,85,240.18
combined,53,1137,1267,130,2215.09,23.98,121,239.81
combined,54,600,840,240,1762.67,23.49,240,234.92
combined,58,801,914,113,2043.27,23.20,126,231.96
